{
  "display": {
    "icon": {
      "id": "minecraft:player_head",
      "components": {
        "minecraft:profile": {
          "name": "Dinocraft1515_YT"
        }
      }
    },
    "title": {
      "text": "Datapacks por Dinocraft1515_YT",
      "color": "dark_red"
    },
    "description": {
      "text": "Tutorial del datapack",
      "color": "red"
    },
    "background": "minecraft:textures/gui/advancements/backgrounds/nether.png",
    "frame": "task",
    "show_toast": true,
    "announce_to_chat": false,
    "hidden": false
  },
  "criteria": {
    "0": {
      "trigger": "minecraft:tick"
    }
  }
}
