{
    "type": "minecraft:crafting_shaped",
    "pattern": [
        "###",
        "ENE",
        "***"
    ],
    "key": {
        "#": {
            "item": "minecraft:nether_wart"
        },
        "E": {
            "item": "minecraft:potion"
        },
        "N": {
            "item": "minecraft:book"
        },
        "*": {
            "item": "minecraft:blaze_powder"
        }
    },
    "result": {
        "item": "minecraft:knowledge_book",
        "count": 1
    }
}