{
    "display": {
      "icon": {
        "id": "minecraft:written_book"
      },
      "title": {
        "text": "Libro de recetas de pociones",
        "color": "dark_red"
      },
      "description": {
        "text":"Para craftear el libro deberás poner en la mesa de crafteo:\n-Tres verrugas abisales arriba\n-Tres polvos de Blaze abajo\n-Dos botellas de cristal a los lados\n-Y un libro en el centro",
        "color":"red"
      },
      "frame": "task",
      "show_toast": true,
      "announce_to_chat": false,
      "hidden": false
    },
    "parent": "dc15yt000:0",
    "criteria": {
      "requirement": {
        "trigger": "minecraft:tick"
      }
    }
  }
  