{
  "type": "minecraft:crafting_shaped",
  "pattern": [
    "AAA",
    "DSD",
    "FFF"
  ],
  "key": {
    "A": {
      "item": "minecraft:nether_wart"
    },
    "S": {
      "item": "minecraft:book"
    },
    "D": {
      "item": "minecraft:glass_bottle"
    },
    "F": {
      "item": "minecraft:blaze_powder"
    }
  },
  "result": {
    "id": "minecraft:written_book",
    "count": 1,
    "components": {
      "minecraft:written_book_content": {
        "title": "Recetas de pociones",
        "author": "Dinocraft1515_YT",
        "pages": [
          "{\"text\":\"======================================\n\n\n\n\n       Recetas de\n         pociones\n\n\n\n\n===================\n===================\"}",
          "[{\"text\":\"-------Índice-------\n-Notas                  \"},{\"text\":\"4\",\"clickEvent\":{\"action\":\"change_page\",\"value\":\"4\"}},{\"text\":\"\n-Visión nocturna      \"},{\"text\":\"6\",\"clickEvent\":{\"action\":\"change_page\",\"value\":\"6\"}},{\"text\":\"\n-Invisibilidad           \"},{\"text\":\"7\",\"clickEvent\":{\"action\":\"change_page\",\"value\":\"7\"}},{\"text\":\"\n-Salto elevado        \"},{\"text\":\"8\",\"clickEvent\":{\"action\":\"change_page\",\"value\":\"8\"}},{\"text\":\"\n-Resistencia \nal fuego                \"},{\"text\":\"9\",\"clickEvent\":{\"action\":\"change_page\",\"value\":\"9\"}},{\"text\":\"\n-Velocidad            \"},{\"text\":\"10\",\"clickEvent\":{\"action\":\"change_page\",\"value\":\"10\"}},{\"text\":\"\n-Lentitud              \"},{\"text\":\"11\",\"clickEvent\":{\"action\":\"change_page\",\"value\":\"11\"}},{\"text\":\"\n-Lentitud y resistencia           \"},{\"text\":\"12\",\"clickEvent\":{\"action\":\"change_page\",\"value\":\"12\"}},{\"text\":\"\n-Respiración\nacuática               \"},{\"text\":\"13\",\"clickEvent\":{\"action\":\"change_page\",\"value\":\"13\"}},{\"text\":\"\n-Vida instantánea   \"},{\"text\":\"14\",\"clickEvent\":{\"action\":\"change_page\",\"value\":\"14\"}}]",
          "[{\"text\":\"-Daño instantáneo  \"},{\"text\":\"15\",\"clickEvent\":{\"action\":\"change_page\",\"value\":\"15\"}},{\"text\":\"\n-Veneno               \"},{\"text\":\"16\",\"clickEvent\":{\"action\":\"change_page\",\"value\":\"16\"}},{\"text\":\"\n-Regeneración       \"},{\"text\":\"17\",\"clickEvent\":{\"action\":\"change_page\",\"value\":\"17\"}},{\"text\":\"\n-Fuerza               \"},{\"text\":\"18\",\"clickEvent\":{\"action\":\"change_page\",\"value\":\"18\"}},{\"text\":\"\n-Debilidad             \"},{\"text\":\"19\",\"clickEvent\":{\"action\":\"change_page\",\"value\":\"19\"}},{\"text\":\"\n-Caída lenta          \"},{\"text\":\"20\",\"clickEvent\":{\"action\":\"change_page\",\"value\":\"20\"}},{\"text\":\"\n-Viento cargado     \"},{\"text\":\"21\",\"clickEvent\":{\"action\":\"change_page\",\"value\":\"21\"}},{\"text\":\"\n-Tejedura            \"},{\"text\":\"22\",\"clickEvent\":{\"action\":\"change_page\",\"value\":\"22\"}},{\"text\":\"\n-Mucosidad           \"},{\"text\":\"23\",\"clickEvent\":{\"action\":\"change_page\",\"value\":\"23\"}},{\"text\":\"\n-Infestación         \"},{\"text\":\"24\",\"clickEvent\":{\"action\":\"change_page\",\"value\":\"24\"}}]",
          "{\"text\":\"=-=-=-=Notas=-=-=-=\nPara hacer cualquier poción, antes debes poner Botellas de agua en los huecos de abajo y Polvo de Blaze en el hueco con su silueta. Además puedes poner polvo de Glowstone/Redstone para ampliar su efecto/duración, respectívamente.\"}",
          "{\"text\":\"También se les puede aplicar Pólvora, para que se puedan lanzar, y después de la pólvora se les podrá poner Aliento de Dragón para que sean persistentes al lanzarlas\"}",
          "{\"text\":\"=-=Visión nocturna=-=\n-Verruga abisal\n-Zanahoria dorada\n\n\n\n\n\n\n\n\n-------------------\nPuede contener:\n-Pólvo de redstone\"}",
          "{\"text\":\"-=-=Invisibilidad=-=-\n-Verruga abisal\n-Zanahoria dorada\n-Ojo de araña fermentado\n\n\n\n\n\n\n-------------------\nPuede contener:\n-Pólvo de redstone\"}",
          "{\"text\":\" =-=Salto elevado=-=\n-Verruga abisal\n-Pata de conejo\n\n\n\n\n\n\n\n-------------------\nPuede contener:\n-Pólvo de glowstone\n-Pólvo de redstone\"}",
          "{\"text\":\"=Resistencia al fuego=\n-Verruga abisal\n-Crema de magma\n\n\n\n\n\n\n\n\n-------------------\nPuede contener:\n-Pólvo de redstone\"}",
          "{\"text\":\" =-=-=Velocidad=-=-=\n-Verruga abisal\n-Azúcar\n\n\n\n\n\n\n\n-------------------\nPuede contener:\n-Pólvo de glowstone\n-Pólvo de redstone\"}",
          "{\"text\":\"-=-=-=Lentitud=-=-=-\n-Verruga abisal\n-Azúcar\n-Ojo de araña fermentado\n\n\n\n\n\n-------------------\nPuede contener:\n-Pólvo de glowstone\n-Pólvo de redstone\"}",
          "{\"text\":\"=-=-=Lentitud y=-=-=\n =-=-resistencia-=-=\n-Verruga abisal\n-Casco de tortuga\n\n\n\n\n\n\n-------------------\nPuede contener:\n-Pólvo de glowstone\n-Pólvo de redstone\"}",
          "{\"text\":\" =-=-Respiración-=-=\n=-=-=-aquática-=-=-=\n-Verruga abisal\n-Pez globo\n\n\n\n\n\n\n\n-------------------\nPuede contener:\n-Pólvo de glowstone\"}",
          "{\"text\":\" =-Vida instantánea-=\n-Verruga abisal\n-Rodaja de melón reluciente\n\n\n\n\n\n\n\n-------------------\nPuede contener:\n-Pólvo de glowstone\"}",
          "{\"text\":\" =-Daño instantáneo-=\n-Verruga abisal\n-Rodaja de melón reluciente\n-Ojo de araña fermentado\n\n\n\n\n\n-------------------\nPuede contener:\n-Pólvo de glowstone\"}",
          "{\"text\":\" =-=-=-Veneno-=-=-=\n-Verruga abisal\n-Ojo de araña\n\n\n\n\n\n\n\n-------------------\nPuede contener:\n-Pólvo de glowstone\n-Pólvo de redstone\"}",
          "{\"text\":\" =-=Regeneración=-=\n-Verruga abisal\n-Lágrima de Ghast\n\n\n\n\n\n\n\n-------------------\nPuede contener:\n-Pólvo de glowstone\n-Pólvo de redstone\"}",
          "{\"text\":\" =-=-=-Fuerza-=-=-=\n-Verruga abisal\n-Polvo de Blaze\n\n\n\n\n\n\n\n-------------------\nPuede contener:\n-Pólvo de glowstone\n-Pólvo de redstone\"}",
          "{\"text\":\" =-=-=Debilidad=-=-=\n-Ojo de araña fermentado\n\n\n\n\n\n\n\n-------------------\nPuede contener:\n-Pólvo de glowstone\n-Pólvo de redstone\"}",
          "{\"text\":\" =-=-Caída lenta-=-=\n-Verruga abisal\n-Membrana de Phantom\n\n\n\n\n\n\n\n\n-------------------\nPuede contener:\n-Pólvo de redstone\"}",
          "{\"text\":\"=-=Viento cargado=-=\n-Verruga abisal\n-Vara de Breeze\n\n\n\n\n\n\n\n\n-------------------\nPuede contener:\n-Pólvo de redstone\"}",
          "{\"text\":\"=-=-=Tejedura=-=-=\n-Verruga abisal\n-Telaraña\n\n\n\n\n\n\n\n\n-------------------\nPuede contener:\n-Pólvo de redstone\"}",
          "{\"text\":\"=-=-=Mucosidad=-=-=\n-Verruga abisal\n-Bloque de Slime\n\n\n\n\n\n\n\n\n-------------------\nPuede contener:\n-Pólvo de redstone\"}",
          "{\"text\":\"=-=-Infestación-=-=\n-Verruga abisal\n-Piedra\n\n\n\n\n\n\n\n\n-------------------\nPuede contener:\n-Pólvo de redstone\"}"
        ]
      }
    }
  }
}
