{
  "type": "crafting_shaped",
  "pattern": [
    "AAA",
    "DSD",
    "FFF"
  ],
  "key": {
    "A": {
      "item": "minecraft:nether_wart"
    },
    "S": {
      "item": "minecraft:book"
    },
    "D": {
      "item": "minecraft:glass_bottle"
    },
    "F": {
      "item": "minecraft:blaze_powder"
    }
  },
  "result": {
    "id": "minecraft:written_book",
    "count": 1,
    "components": {
      "minecraft:written_book_content": {
        "title": "Potion recipes",
        "author": "Dinocraft1515_YT",
        "pages": [
          "{\"text\":\"======================================\n\n\n\n\n           Potion\n          recipes\n\n\n\n\n===================\n===================\"}",
          "[{\"text\":\"-------Index-------\n-Notes                  \"},{\"text\":\"4\",\"clickEvent\":{\"action\":\"change_page\",\"value\":\"4\"}},{\"text\":\"\n-Night vision           \"},{\"text\":\"6\",\"clickEvent\":{\"action\":\"change_page\",\"value\":\"6\"}},{\"text\":\"\n-Invisibility             \"},{\"text\":\"7\",\"clickEvent\":{\"action\":\"change_page\",\"value\":\"7\"}},{\"text\":\"\n-Jump boost           \"},{\"text\":\"8\",\"clickEvent\":{\"action\":\"change_page\",\"value\":\"8\"}},{\"text\":\"\n-Fire resistance      \"},{\"text\":\"9\",\"clickEvent\":{\"action\":\"change_page\",\"value\":\"9\"}},{\"text\":\"\n-Speed                \"},{\"text\":\"10\",\"clickEvent\":{\"action\":\"change_page\",\"value\":\"10\"}},{\"text\":\"\n-Slowness            \"},{\"text\":\"11\",\"clickEvent\":{\"action\":\"change_page\",\"value\":\"11\"}},{\"text\":\"\n-Slowness & resistance            \"},{\"text\":\"12\",\"clickEvent\":{\"action\":\"change_page\",\"value\":\"12\"}},{\"text\":\"\n-Water breathing    \"},{\"text\":\"13\",\"clickEvent\":{\"action\":\"change_page\",\"value\":\"13\"}},{\"text\":\"\n-Instant health      \"},{\"text\":\"14\",\"clickEvent\":{\"action\":\"change_page\",\"value\":\"14\"}},{\"text\":\"\n-Instant damage     \"},{\"text\":\"15\",\"clickEvent\":{\"action\":\"change_page\",\"value\":\"15\"}},{\"text\":\"\n-Poison                \"},{\"text\":\"16\",\"clickEvent\":{\"action\":\"change_page\",\"value\":\"16\"}}]",
          "[{\"text\":\"-Regeneration       \"},{\"text\":\"17\",\"clickEvent\":{\"action\":\"change_page\",\"value\":\"17\"}},{\"text\":\"\n-Strength             \"},{\"text\":\"18\",\"clickEvent\":{\"action\":\"change_page\",\"value\":\"18\"}},{\"text\":\"\n-Weakness            \"},{\"text\":\"19\",\"clickEvent\":{\"action\":\"change_page\",\"value\":\"19\"}},{\"text\":\"\n-Slow falling          \"},{\"text\":\"20\",\"clickEvent\":{\"action\":\"change_page\",\"value\":\"20\"}},{\"text\":\"\n-Wind Charged       \"},{\"text\":\"21\",\"clickEvent\":{\"action\":\"change_page\",\"value\":\"21\"}},{\"text\":\"\n-Weaving              \"},{\"text\":\"22\",\"clickEvent\":{\"action\":\"change_page\",\"value\":\"22\"}},{\"text\":\"\n-Oozing               \"},{\"text\":\"23\",\"clickEvent\":{\"action\":\"change_page\",\"value\":\"23\"}},{\"text\":\"\n-Infested             \"},{\"text\":\"24\",\"clickEvent\":{\"action\":\"change_page\",\"value\":\"24\"}}]",
          "{\"text\":\"=-=-=-=Notes=-=-=-=\nTo make a potion, you must first put Glass bottles in the slots below & Blaze powder in the slot with its silhouette. You can even put Glowstone / Redstone dust to increase his effect / duration, respectívely. Gunpowder can also be applied to them, to make them splash,\"}",
          "{\"text\":\"and later the Dragon breath to make them lingering\n\nImportant: Potions of: Wind Charged, Weaving, Oozing and Infested are experimental content, they're only aviable with the 1.21 experimental datapack activated\"}",
          "{\"text\":\"=-=- Night vision -=-=\n-Nether wart\n-Golden carrot\n\n\n\n\n\n\n\n\n-------------------\nMay contain:\n-Redstone dust\"}",
          "{\"text\":\"= -=-=Invisibility=-=-=\n-Nether wart\n-Golden carrot\n-Fermented spider eye\n\n\n\n\n\n\n-------------------\nMay contain:\n-Redstone dust\"}",
          "{\"text\":\" =-=Jump boost=-=\n-Nether wart\n-Rabbit foot\n\n\n\n\n\n\n\n-------------------\nMay contain:\n-Glowstone dust\n-Redstone dust\"}",
          "{\"text\":\"=-=Fire resistance=-=\n-Nether wart\n-Magma cream\n\n\n\n\n\n\n\n\n-------------------\nMay contain:\n-Redstone dust\"}",
          "{\"text\":\"=-=-=-=Speed=-=-=-=\n-Nether wart\n-Sugar\n\n\n\n\n\n\n\n-------------------\nMay contain:\n-Glowstone dust\n-Redstone dust\"}",
          "{\"text\":\"=-=-= Slowness =-=-=\n-Nether wart\n-Sugar\n-Fermented spider eye\n\n\n\n\n\n-------------------\nMay contain:\n-Glowstone dust\n-Redstone dust\"}",
          "{\"text\":\"=-=- Slowness & -=-=\n =-=-resistance-=-=\n-Nether wart\n-Turtle helmet\n\n\n\n\n\n\n-------------------\nMay contain:\n-Glowstone dust\n-Redstone dust\"}",
          "{\"text\":\" =-Water breathing-=\n-Nether wart\n-Pufferfish\n\n\n\n\n\n\n\n-------------------\nMay contain:\n-Glowstone dust\"}",
          "{\"text\":\" =-=Instant health=-=\n-Nether wart\n-Glistering melon slice\n\n\n\n\n\n\n\n-------------------\nMay contain:\n-Glowstone dust\"}",
          "{\"text\":\" =-Instant damage-=\n-Nether wart\n-Glistering melon slice\n-Fermented spider eye\n\n\n\n\n\n-------------------\nMay contain:\n-Glowstone dust\"}",
          "{\"text\":\" =-=-=-Poison-=-=-=\n-Nether wart\n-Spider eye\n\n\n\n\n\n\n\n-------------------\nMay contain:\n-Glowstone dust\n-Redstone dust\"}",
          "{\"text\":\" =-=Regeneration=-=\n-Nether wart\n-Ghast tear\n\n\n\n\n\n\n\n-------------------\nMay contain:\n-Glowstone dust\n-Redstone dust\"}",
          "{\"text\":\" =-=-=Strength=-=-=\n-Nether wart\n-Blaze powder\n\n\n\n\n\n\n\n-------------------\nMay contain:\n-Glowstone dust\n-Redstone dust\"}",
          "{\"text\":\" =-=-=Weakness=-=-=\n-Fermented spider eye\n\n\n\n\n\n\n\n-------------------\nMay contain:\n-Glowstone dust\n-Redstone dust\"}",
          "{\"text\":\" =-=-Slow falling-=-=\n-Nether wart\n-Phantom membrane\n\n\n\n\n\n\n\n\n-------------------\nMay contain:\n-Redstone dust\"}",
          "{\"text\":\"-=-=Wind Charged=-=-\n-Nether wart\n-Breeze rod\n\n\n\n\n\n\n\n\n-------------------\nMay contain:\n-Redstone dust\"}",
          "{\"text\":\"-=-=-=Weaving=-=-=-\n-Nether wart\n-Cobweb\n\n\n\n\n\n\n\n\n-------------------\nMay contain:\n-Redstone dust\"}",
          "{\"text\":\" -=-=-=Oozing=-=-=-\n-Nether wart\n-Slime block\n\n\n\n\n\n\n\n\n-------------------\nMay contain:\n-Redstone dust\"}",
          "{\"text\":\" =-=-=Infested=-=-=\n-Nether wart\n-Stone\n\n\n\n\n\n\n\n\n-------------------\nMay contain:\n-Redstone dust\"}"
        ]
      }
    }
  }
}