{
  "display": {
    "icon": {
      "id": "minecraft:written_book"
    },
    "title": {
      "text": "Potions recipe book",
      "color": "dark_red"
    },
    "description": {
      "text": "To craft the book you must put in the crafting table:\n-Three nether wart above\n-Three Blaze powder below\n-Two glass bottles at the sides\n-And a book at the center",
      "color": "red"
    },
    "frame": "task",
    "show_toast": true,
    "announce_to_chat": false,
    "hidden": false
  },
  "parent": "dc15yt000:0",
  "criteria": {
    "requirement": {
      "trigger": "minecraft:tick"
    }
  }
}
